{
  "pr_auc": 0.7194303169083883,
  "roc_auc": 0.9718520128225742,
  "confusion_matrix": [
    [
      55483,
      1381
    ],
    [
      8,
      90
    ]
  ],
  "classification_report": {
    "0": {
      "precision": 0.9998558324773387,
      "recall": 0.9757139842431064,
      "f1-score": 0.9876373993146722,
      "support": 56864.0
    },
    "1": {
      "precision": 0.061182868796736914,
      "recall": 0.9183673469387755,
      "f1-score": 0.1147227533460803,
      "support": 98.0
    },
    "accuracy": 0.9756153224956989,
    "macro avg": {
      "precision": 0.5305193506370378,
      "recall": 0.9470406655909409,
      "f1-score": 0.5511800763303762,
      "support": 56962.0
    },
    "weighted avg": {
      "precision": 0.998240897074075,
      "recall": 0.9756153224956989,
      "f1-score": 0.9861355974940739,
      "support": 56962.0
    }
  },
  "threshold": 0.5,
  "n_train": 227845,
  "n_test": 56962
}