{
  "cost_config": {
    "cost_fn": 500.0,
    "cost_fp": 5.0
  },
  "best_threshold": 0.97,
  "best_expected_cost": 5960.0,
  "metrics_at_best": {
    "precision": 0.4860335195530726,
    "recall": 0.8877551020408163,
    "tp": 87,
    "fp": 92,
    "fn": 11
  }
}